{
	"j": [
		"서울",
		"서울",
		"서울",
		"서울",
		"서울",
		"서울",
		"서울",
		"서울",
		"서울",
		"서울",
		"부산",
		"부산",
		"부산",
		"부산",
		"부산",
		"부산",
		"부산",
		"부산",
		"부산",
		"부산",
		"제주",
		"제주",
		"제주",
		"제주",
		"제주",
		"제주",
		"제주",
		"제주",
		"제주",
		"제주"
	],
	"d": [
		"2023-01-01",
		"2023-01-02",
		"2023-01-03",
		"2023-01-04",
		"2023-01-05",
		"2023-01-06",
		"2023-01-07",
		"2023-01-08",
		"2023-01-09",
		"2023-01-10",
		"2023-01-01",
		"2023-01-02",
		"2023-01-03",
		"2023-01-04",
		"2023-01-05",
		"2023-01-06",
		"2023-01-07",
		"2023-01-08",
		"2023-01-09",
		"2023-01-10",
		"2023-01-01",
		"2023-01-02",
		"2023-01-03",
		"2023-01-04",
		"2023-01-05",
		"2023-01-06",
		"2023-01-07",
		"2023-01-08",
		"2023-01-09",
		"2023-01-10"
	],
	"m": [
		"3.8",
		"-0.4",
		"0.6",
		"3.3",
		"3.6",
		"5.7",
		"3.8",
		"6.3",
		"7.0",
		"9.1",
		"3.8",
		"-0.4",
		"0.6",
		"3.3",
		"3.6",
		"5.7",
		"3.8",
		"6.3",
		"7.0",
		"9.1",
		"3.8",
		"-0.4",
		"0.6",
		"3.3",
		"3.6",
		"5.7",
		"3.8",
		"6.3",
		"7.0",
		"9.1"
	],
	"n": [
		"-4.3",
		"-7.4",
		"-9.0",
		"-5.7",
		"-5.6",
		"-4.7",
		"-1.4",
		"-3.7",
		"-1.3",
		"-3.9",
		"-4.3",
		"-7.4",
		"-9.0",
		"-5.7",
		"-5.6",
		"-4.7",
		"-1.4",
		"-3.7",
		"-1.3",
		"-3.9",
		"-4.3",
		"-7.4",
		"-9.0",
		"-5.7",
		"-5.6",
		"-4.7",
		"-1.4",
		"-3.7",
		"-1.3",
		"-3.9"
	],
	"r": [
		"",
		"",
		"",
		"",
		"",
		"3.9",
		"0.1",
		"",
		"",
		"",
		"",
		"",
		"",
		"",
		"",
		"3.9",
		"0.1",
		"",
		"",
		"",
		"",
		"",
		"",
		"",
		"",
		"3.9",
		"0.1",
		"",
		"",
		""
	]
}